address,name
0xe66F86c7d3dc600C90e7A688Dc79ce6f2b7a0E84,kolten.eth
0xaCe95175B107f0d6A7A2949F7Af83d7A3528fB4e,laurens.eth
0x7eD52863829AB99354F3a0503A622e82AcD5F7d3,t11s.eth
0x5B93FF82faaF241c15997ea3975419DDDd8362c5,coopahtroopa.eth
0x16a69FDb3211290c73CAEbc7Bfb1fC8846103f33,corvid.eth
0xA6a4Be3951f284bcB792dd5034469fA758E7CD7F,envoi.eth
0x395d48020EF5e29168706e16258db6c6c4D7d317,siegenthaler.eth
0x4d26bc95C771d1d0a5c5E76297c8F53FfE5f6C19,papcrypto.eth
0x1824DB66aE6D644F0BE2aEC44eb0638B76e9A6A7,wyldkard.eth
0xE0847852Db3215C1a5dcf0f78FB032cb61a89732,seanbehan.eth
0x54f38f4E33e47BD13e7A0F46Ed7AfAD61A40BFc1,captainwiggles.eth
0x46bA65479c4c550Fb602065C0bB15D67472F78D1,mastertimenumber3.eth
0x16598e250Bc89B6A5f0F81942CBde8f9FB42baBc,akara.eth
0x148a1E9373Ad8D83a8b12592ec90b6F5151b176f,oysterhouse.eth
0xBfF466b48073Bb1fFda6C644F4c0CdB61287c75F,decentralizedme.eth
0x57E648f095DC7d8b26e97DFD1d03BE8D7fBfbf71,khalidhamdi.eth
0xAE5c9Dc28d008B95b1bb54941950Da7AB859aA23,fengqi.eth
0xfb702e95Fa231C5509487a9E99156003985FdB9e,ruz.eth
0xb40ff1CA580090b386048228ae7140b0DDe7f1c5,dotin.eth
0x34AAE6c409707a6cbDEef7B71806A67f07282970,65537.eth
0xcd8ed310678470682D72C50635a79eF9346ba4C4,theshaman.eth
0x512C579153AC6fD961a7d9e7b19281B855AAfbE1,1kingdom.eth
0x125f6f67e41B4d5674729aaCee15cD1CC153aBb3,0x0000000000000000000000000000000000000000
0x547382ef49b2cd906e05b4685739AD241d636347,edsel.eth
0xD34A7095B8aAd4A4A125a2bFaB003A030f319Fc3,briskblackmamba.eth
0x9D31e30003f253563Ff108BC60B16Fdf2c93abb5,pay.eth
0x7c8619B5e95BCBF42752d3f2fD297C2aFb4a3B80,sierraoscar.eth
0x2071EE7e947Ea0D6bf1eab41605F8271808D9325,ozimaster.etherbase.eth
0x5D71635D6a90Fa60F506dAadB687e0a389460CbE,arbchad.eth
0x35731d8a7d9CCA0E4c885ed9d4367233746BD757,siriusreef.eth
0x5e25c391810eE5Bc705c87FB51c368612982D57a,daigaro.eth
0xCf4ef2Ed078f7115Ca0Dd4BC9294D97E774ec38a,mario.gweicz.eth
0x5dA68351bD082aBDA73E42Ac981dB51d9364fe69,topphemlig.eth
0xaB5309888C39646bb222a70E0Bc1C69e3326Ee77,renoeth.eth
0x000A0B24B1476f647A2a2fa4474f9ed32C685a8e,angel-parade.eth
0x2D2b6f935aB49af9A5588CeA546E325cdBaaa47b,samuelaf.argent.xyz
0x5127C8d44aFfC893f7cc169091f74CEa1FA4F6Cb,farino.eth
0xA63519e67dAe9A551AD34ae679cf0E911a78381A,batchu.eth
0xE58585B22cC2aC4270a2b92c2D2d8C5dB5A3330E,refri.eth
0x5d47E871F81F84D3154AEC772bCce14973112C69,raditz.eth
0x90f07eDaB54C9e1982C60415E230C09C6fF8f054,childsp.eth
0x733FA7c96A784ACd338e2b74d434C4080ED99639,lucasprater.eth
0x7Fe56cF033f7413e8cC7dc0E29C1DE2991F316E1,dmcnic.eth
0xC9F63EBE7707E86d765E59E7393B887612EB662f,juani.eth
0xE5cc93993F78102f02E3cD33ce50d15968D60388,kavaskous.eth
0x3D51847413663696741ccC5081c1E9744B01c3E7,mjlogistic.eth
0x4777e2FBDF345A683C900B55472E802cA24F0626,evmosking.eth
0x861DC94E27A34C87c87F1f17761D936Fe20EaA6E,ebato.abeseba.eth
0x3C3000C507d84FfE9212E21D75b609425DC3040F,szong.eth
0xC17b32ec5B1e02231A41abDb38D476f20FA00D41,coinbridge.eth
0x72b2Cb558bF17F9e5AA40754A4e26EC480C07554,babacoin.eth
0x5631B1e09C119DfB13922a4db8d33287f87eED6d,0xdsb.eth
0x578ed904d0b713BA244B9ecFF3D45160b3bC5D44,pocketmoney.eth
0x046f601CbcBfa162228897AC75C9B61dAF5cEe5F,solscan.eth
0xE4BA20B2FA72D891c98C21569E1f5F0fF145ff64,linkverse.eth
0x293b43b8351920B225069930c15A4d36D666655e,gotohavefun.eth
0x73a4B191658D8B0A78a8001d79F9Af03280c666a,balsam.eth
0x6e57DC1F583177b52957c8A5038A26C7b7cc4BFe,reming.eth
0x5b97680e165B4DbF5C45f4ff4241e85F418c66C2,kain.eth
0x3D4b4210A3D82e3160e19D9090f9F98abA6f85f8,q9999.eth
0x1B9DA462D07512Fa37021973d853B59dEbB761Dd,bitcloutcat.eth
0xf5Df7f94806fA50D6A391fb59Fa68d751fAfa293,lulujo.eth
0xf6522fC7061f4Ab77D5353dD631002d86951d245,62622.eth
0x11D59c248B80E6096331dcB6260401758960C28D,0xbtceth.eth
0x9Eb22561E56C9c700a990D6aE3C6245b9555804C,hechunan.eth
0x3047bf8e87F0786702B8e8265c3B04cEdbA920e3,hhh366.eth
0xADcce1450aA986f43E87138541C4992D6E9FB3DE,smartisam.eth
0x5ed86506FF1244bb3aC0C309D5Fc5AE6C0375464,japangov.eth
0xCed2f0dcb70757339F7072A3ffA08a4A73497435,cryptorootz.eth
0x3eC44A823E07555B5f889d8d954eec736eb5865b,collinpixley.eth
0xef91ECd0142aE4C5163B2CF060c0563d49188C82,ianaz.eth
0xE04A9418CFfE0f43fd42527bD3CFc05593EAC052,shabi.eth
0xcBb82d22b1624761b62BD807b01B7d491dA8b4F5,jayyi13.eth
0x4c7F1F1354b03fD1Ace3f549977F8E848Ec430e4,eth0000.eth
0x33CF9D8E8467d9fd13a0FB4e64423D06bc5f2524,zgctwh.eth
0x038584760D78F85412a5738Bd014c8E0356B2aaa,aoligei11.eth
0xdf823F05Ec88a26d4a200EE519a1C66b631c4877,xdude.eth
0x42A01ba13F8F7Fc3999fec82cccd1f7459800487,airtrack.eth
0x61B4002874d9BbF48588bd99C83680fc890B952B,xiangcaipan.eth
0xEDB7AF625443Bec75d53544e091Ee3492ede8BC2,safepaypal.eth
0x9565cc685b367d2d9A3B224a9d01751428c3cD03,iwantedyou.eth
0xDe13f425332b3004fd07e737447f485D5480F296,godstudios.eth
0x8E80d10ee19eBD627f0cE7C58A7937563b26577a,68079.eth
0xe6983056e37F3D13a58BF59ccf71CeD553F6c21f,goblincn.eth
0x7a67928bB379974768668D50ab991Eefb5F08c0e,rootial.eth
0x138Dd537D56F2F2761a6fC0A2A0AcE67D55480FE,meta-analytics.eth
0x9AE9B5E208dEA9BFFb62e1C88eA864EECa85e1ef,gaggle.eth
0xE6A630EACdc5a3621CBAf81C401fc34B4A7E4656,yakiko.eth
0x1F5e9701091b54457B573F9b9720f87b3FBC97c4,meta8848.eth
0x88Fa395Aa8A7B57cFF6572Fd37B585e1E8CE3DAc,qiaoys.eth
0x299E6717bdA29B742bceb3Eb3ac36eba9aD9AB31,xihari.eth
0xCc1d91a9210f99A0E4EDFE7B21Ce8905a05F2b6f,199608.eth
0x85C952ec161e34a6ee773211e3A617AB8b4D2A95,fuckweb3.eth
0x59c2D175B1507a7475F19D1129D6D9B5CC9c127F,lulilo.eth
0xb78942224337f0DD43AaF570baC067d431f5f059,adalin.eth
0x77777777174870c5067E39dFf228d2DB44f52B6a,xpollinat.eth
0xaFb9d7Fa614DD77CD9D212bb0596982c850A5085,苏a66666.eth
0xe4fAbF869FdcDC457C87ebAE40AB78BE7d345d4b,kllll.eth
0x93475FB3A658d64BE4bBb76e0083e48ddebf030b,心想事成.eth
0x6cf69C39999a7AeA6e532E08038AA52E6045f5B1,homeinns.eth
0x77A80028A50a7504604646EE51586A721F52f07c,jiedao.eth
0x44C69653fA05B0e7c12488a4441B9368Da43AaBD,jthrack.eth
0x6544df975cF58A0b2C9a361a8db2e00D338e10c1,kiira.eth
0x0608ea05f2272bD4Da79A8d8262CE9E3dfA5E3fA,0xbay.eth
0x29f387aDe2a5AE3C93DEFd52f2a5fA535CAb666e,avantgardefi.eth
0x602114d8b9041F2bE7e6A534b793B92829114749,ffffi.eth
0xCF61eBD3613684a53E48eE85d8fBc80C5156c479,shinya.eth
0x1f9f2CEa24F8aBF8c6f1a159989f39a0624a7cd9,ycswap.eth
0x9176d605E0BCf8E9a0b0D8587c96c34B5b5Ed7EC,moo.eth
0x30C80C56f439760D4D0fA33Ed19822a27e7461bb,0x0000000000000000000000000000000000000000
0x261E1fbc2D5c7200De55289Dfab9EBBC5fD585be,qkl888.eth
0x7C2bFDBf170BBfBb2984f70d979470c141962e71,sdaddy.eth
0x16Aa252FC8a60187E7f52a2F0f2292914F65Caa3,zapperdao.eth
0x506adE0A94949dB63047346D3796A01C09384198,wujianli.eth
0xc8A69971DAa3C3ADd85Ab0d0AF297515769ddfFC,tyler.trilez.eth
0x04b6eA5a19b8945eDdC4A141408ec34C2A55a34e,xiaozhan.eth
0xf66c759E731C481ade713994eE0BFaaa120F98A1,joonfei.eth
0x060bBb0BCc744293A1E7dF8Dd7Cc2EC81951BF94,goodchina.eth
0xabE48149fb293fF377cc31F46bDf506a1a00BF1c,yanchao.eth
0x1C647F52C6A07427b50264652C5db12EdA3Fd6CA,68091.eth
0xE959Bb8361cb46DFC230BF24884fD02f66961f8A,520088.eth
0x808A023B72260170c95d831F589A1ae0DCa1e43E,0x808.eth
0x02D3F72607Af14017dFA25006d8dAA2522A43866,alexjiacrypto.eth
0xB37b54DB1CdB7Ca82dF3eB372067Fa94AC962882,hakuma.eth
0x276Adf94808668338ff61df00d63c2F8ce056206,zfogg.eth
0x6963252192Cd67F2257307F0b1C0682a01861CC9,68595.eth
0x3560E6AE93b34399C75A853704AC83E8102ca27B,dogkinp.eth
0x8148cd2A4dA9557D123B43bb614e5Bda8F4D5Cfa,yulin.eth
0x0b3240851E92FFc80e837f53Aa7560CBE1290F57,0x0461.eth
0xce59Ce5C811bA95498e4e0056c63b699e8f47D22,libapi.eth
0x3DbaDc86d19416eC16D81aa07fF2609E6241E7E9,xielaoban.eth
